soil_moisture_%,soil_pH,temperature_C,rainfall_mm,humidity_%,sunlight_hours,NDVI_index,growing_days,crop_type,yield_kg_per_hectare,sowing_date,harvest_date,predicted_yield_golden_model
35.95,5.99,17.79,75.62,77.03,7.27,0.63,122,1,4408.07,2024-01-08,2024-05-09,4718.38
19.74,7.24,30.18,89.91,61.13,5.67,0.58,112,2,5389.98,2024-02-04,2024-05-26,4376.08
29.32,7.16,27.37,265.43,68.87,8.23,0.8,144,1,2931.16,2024-02-03,2024-06-26,4074.15
17.33,6.03,33.73,212.01,70.46,5.03,0.44,134,3,4227.8,2024-02-21,2024-07-04,3824.74
19.37,5.92,33.86,269.09,55.73,7.93,0.84,105,4,4979.96,2024-02-05,2024-05-20,4012.16
44.91,5.78,24.87,238.95,83.06,4.92,0.82,114,5,4383.55,2024-01-13,2024-05-06,4168.09
36.28,7.04,21.8,123.38,47.91,4.02,0.76,145,2,4501.2,2024-03-04,2024-07-27,4004.49
27.1,5.72,22.26,296.33,80.34,5.44,0.7,121,3,5264.09,2024-01-24,2024-05-24,4168.09
40.54,6.35,19.24,184.82,76.5,5.21,0.5,118,2,5598.46,2024-03-12,2024-07-08,4160.91
10.25,6.92,16.18,66.85,41.57,5.98,0.58,98,5,4893.41,2024-01-18,2024-04-25,4266.83
13.39,6.36,23.47,166.76,76.45,8.04,0.55,145,1,2437.08,2024-02-26,2024-07-20,3504.1
40.61,5.65,31.16,263.99,44.9,7.91,0.4,116,5,3942.56,2024-01-06,2024-05-01,3359.99
42.43,7.07,20.7,224.15,76.53,8.7,0.65,127,3,4942.95,2024-01-02,2024-05-08,4168.09
12.8,5.87,26.9,218.8,51.76,4.72,0.42,116,2,4629.49,2024-03-03,2024-06-27,4012.16
23.85,6.84,21.0,129.04,77.59,4.44,0.34,124,3,2852.62,2024-01-03,2024-05-06,4160.91
15.52,7.17,29.07,202.92,89.36,7.92,0.75,96,3,5755.72,2024-02-22,2024-05-28,4168.09
31.17,6.94,19.07,208.56,53.2,6.93,0.74,90,3,3334.23,2024-02-02,2024-05-02,4266.83
13.92,7.39,28.82,87.26,41.8,6.22,0.45,147,1,5732.35,2024-02-12,2024-07-08,4476.56
40.94,6.31,27.41,88.64,86.49,9.19,0.36,140,2,5723.26,2024-03-11,2024-07-29,3504.1
16.99,7.34,21.99,255.13,83.57,5.34,0.62,107,5,3404.58,2024-01-25,2024-05-11,4168.09
16.25,7.43,20.31,77.1,61.73,8.37,0.3,114,3,5598.02,2024-03-04,2024-06-26,4266.83
12.45,6.83,21.6,128.48,82.4,8.32,0.86,115,4,4788.83,2024-02-11,2024-06-05,4168.09
20.53,6.6,15.01,121.73,61.49,7.48,0.7,122,2,3892.74,2024-03-07,2024-07-07,4266.83
21.73,7.14,30.02,218.2,51.23,5.19,0.42,144,2,5073.96,2024-02-20,2024-07-13,4074.15
18.54,6.81,15.11,237.74,78.5,4.64,0.38,119,4,2200.87,2024-03-17,2024-07-14,4160.91
30.84,7.4,32.83,203.16,75.96,7.03,0.59,106,2,5007.11,2024-02-15,2024-05-31,4376.08
12.71,6.07,20.43,129.93,67.01,4.83,0.42,94,4,3659.47,2024-03-07,2024-06-09,4012.16
43.11,5.54,32.61,193.92,63.85,9.66,0.59,137,2,4938.54,2024-02-18,2024-07-04,3359.99
35.35,7.18,33.39,295.18,66.71,9.44,0.5,119,4,2726.92,2024-01-28,2024-05-26,3359.99
18.83,5.66,15.39,184.85,90.0,6.1,0.7,102,4,5356.92,2024-01-08,2024-04-19,4168.09
36.84,5.84,27.14,236.98,45.73,8.92,0.35,133,3,5632.1,2024-02-19,2024-07-01,3359.99
39.76,6.7,17.42,295.96,79.13,6.08,0.88,111,3,2050.61,2024-03-21,2024-07-10,4168.09
16.16,6.54,28.01,203.98,85.98,8.65,0.57,110,4,5406.85,2024-03-09,2024-06-27,3504.1
33.39,6.17,24.89,131.25,64.38,6.13,0.44,146,2,3105.07,2024-03-23,2024-08-16,4074.15
36.54,6.88,27.92,172.71,79.65,4.56,0.5,127,2,3476.08,2024-02-22,2024-06-28,4160.91
18.8,5.74,18.85,79.89,66.79,8.57,0.8,136,3,4358.35,2024-02-09,2024-06-24,3824.74
16.28,5.53,25.68,118.58,88.71,7.32,0.41,145,3,2049.06,2024-02-04,2024-06-28,4160.91
13.99,5.63,24.83,194.26,74.32,4.91,0.85,138,4,3664.7,2024-01-18,2024-06-04,3824.74
20.69,6.74,27.19,235.02,87.38,5.25,0.66,101,4,4207.97,2024-01-08,2024-04-18,4168.09
20.08,6.07,32.19,67.79,51.67,5.59,0.48,99,5,5633.65,2024-01-21,2024-04-29,4012.16
26.4,6.11,23.05,118.06,67.0,6.63,0.87,91,1,2365.31,2024-03-09,2024-06-08,4012.16
36.71,5.85,25.38,160.56,53.91,9.98,0.5,112,1,3633.39,2024-01-16,2024-05-07,4004.49
38.47,6.6,24.1,128.63,56.16,9.82,0.67,145,4,4170.37,2024-01-22,2024-06-15,4004.49
17.12,6.6,33.55,159.53,74.91,4.73,0.58,125,1,3631.96,2024-03-01,2024-07-04,3802.41
42.64,6.08,29.11,153.87,64.12,6.83,0.77,122,4,4985.17,2024-01-20,2024-05-21,3359.99
19.35,5.51,29.52,259.37,69.0,7.96,0.41,125,2,5051.49,2024-02-11,2024-06-15,4012.16
18.17,7.05,15.87,236.18,75.26,8.87,0.82,121,4,5859.3,2024-03-05,2024-07-04,4266.83
41.87,5.53,17.88,267.73,88.5,4.45,0.49,95,2,5407.06,2024-02-21,2024-05-26,4160.91
31.61,5.97,28.69,121.84,51.37,4.54,0.48,100,1,4776.0,2024-01-15,2024-04-24,4012.16
18.55,6.32,28.64,95.01,48.75,7.66,0.31,99,5,2928.75,2024-02-19,2024-05-28,3802.41
15.53,6.38,21.91,196.89,71.95,6.55,0.48,144,2,3932.83,2024-01-13,2024-06-05,4476.56
19.61,6.63,28.72,236.17,42.45,7.64,0.73,141,4,3409.28,2024-01-20,2024-06-09,4476.56
20.81,6.38,26.59,233.09,44.51,5.77,0.79,123,1,4007.18,2024-03-12,2024-07-13,3802.41
38.15,6.44,16.51,238.54,51.28,8.06,0.46,106,3,4146.29,2024-02-01,2024-05-17,4004.49
33.62,6.44,27.39,285.79,56.4,7.66,0.9,131,1,3633.18,2024-03-10,2024-07-19,4074.15
41.05,5.77,24.07,217.62,77.16,9.68,0.47,131,5,2396.09,2024-01-14,2024-05-24,3504.1
25.56,5.97,22.25,295.23,58.37,9.41,0.68,150,4,5392.13,2024-01-04,2024-06-02,3824.74
18.52,5.75,26.29,67.15,78.26,5.24,0.38,147,3,4383.93,2024-01-26,2024-06-21,4160.91
33.14,5.55,15.3,247.5,51.9,5.94,0.61,123,1,2454.6,2024-03-14,2024-07-15,4012.16
17.75,6.73,29.54,277.19,72.95,5.81,0.66,133,2,2431.85,2024-02-14,2024-06-26,4476.56
31.85,6.67,29.24,145.23,69.87,5.77,0.55,131,3,4603.67,2024-01-28,2024-06-07,4074.15
35.54,6.13,21.25,113.72,87.68,8.12,0.34,117,4,2386.26,2024-01-03,2024-04-29,3504.1
22.38,6.83,30.01,267.02,76.05,9.81,0.63,99,4,4626.95,2024-03-07,2024-06-14,3802.41
17.92,6.36,26.22,241.86,71.09,8.05,0.51,91,2,2721.66,2024-03-09,2024-06-08,3802.41
33.01,5.64,29.82,292.95,44.59,7.18,0.83,109,2,4886.38,2024-01-12,2024-04-30,4012.16
11.74,5.66,23.86,156.0,70.35,6.49,0.33,108,2,4712.87,2024-02-04,2024-05-22,4012.16
10.27,6.1,19.22,84.31,52.78,5.97,0.78,114,1,4130.33,2024-01-05,2024-04-28,4012.16
25.27,6.42,16.56,128.27,61.46,6.43,0.52,100,1,5205.29,2024-01-11,2024-04-20,4266.83
25.25,6.3,16.57,267.63,77.29,5.33,0.79,122,5,2775.61,2024-01-17,2024-05-18,4168.09
15.13,5.89,27.05,240.05,72.78,5.06,0.39,133,1,5696.62,2024-03-15,2024-07-26,3824.74
32.1,7.09,26.83,137.99,43.71,6.77,0.58,131,4,5457.0,2024-02-03,2024-06-13,4074.15
32.81,6.14,24.51,87.72,43.09,4.62,0.67,92,2,2990.97,2024-03-06,2024-06-06,3802.41
23.56,7.05,28.58,63.09,71.54,6.01,0.39,106,3,4894.93,2024-02-10,2024-05-26,3802.41
42.09,6.12,28.12,215.53,46.45,8.25,0.9,111,5,5252.74,2024-03-26,2024-07-15,3359.99
22.66,6.23,18.61,103.55,87.38,6.92,0.32,140,2,2404.56,2024-02-28,2024-07-17,4160.91
30.9,5.81,18.62,223.21,71.24,9.42,0.57,105,5,5878.35,2024-03-24,2024-07-07,4012.16
41.64,5.89,28.57,192.6,62.03,8.62,0.59,102,4,5205.04,2024-01-27,2024-05-08,3359.99
34.9,6.53,17.49,70.97,48.02,6.7,0.52,118,1,5538.52,2024-01-27,2024-05-24,4266.83
17.86,6.14,16.98,228.68,56.76,4.88,0.35,143,3,2555.17,2024-02-23,2024-07-15,4476.56
29.21,6.95,25.56,77.8,54.41,5.81,0.61,94,5,2443.43,2024-03-15,2024-06-17,3802.41
25.02,6.73,19.81,154.14,73.22,4.51,0.68,140,3,5953.33,2024-03-17,2024-08-04,4074.15
22.5,5.64,19.82,214.28,45.18,7.49,0.41,142,1,4571.18,2024-03-11,2024-07-31,3824.74
11.29,5.9,30.82,271.45,55.78,5.86,0.69,131,4,2764.41,2024-01-25,2024-06-04,3824.74
25.29,6.3,23.79,289.12,56.95,5.12,0.79,141,3,2330.45,2024-03-09,2024-07-28,4074.15
12.8,6.82,21.13,200.66,61.31,8.14,0.68,117,1,3098.22,2024-02-20,2024-06-16,4266.83
43.35,5.79,27.15,245.33,41.74,4.4,0.76,128,5,2613.75,2024-03-02,2024-07-08,3359.99
23.93,6.8,19.99,78.36,76.78,6.99,0.59,118,3,2858.28,2024-02-23,2024-06-20,4160.91
25.82,7.3,23.9,71.95,74.1,9.07,0.86,124,1,3161.45,2024-01-18,2024-05-21,4266.83
17.85,7.47,30.84,109.18,64.7,6.17,0.73,129,2,5536.99,2024-03-05,2024-07-12,4476.56
12.58,7.44,27.85,162.49,74.01,6.07,0.73,97,2,4072.41,2024-01-27,2024-05-03,4376.08
39.61,6.0,27.7,187.71,46.26,5.82,0.81,99,3,2684.8,2024-03-19,2024-06-26,3359.99
11.59,6.78,26.54,212.78,78.35,6.5,0.54,131,1,5826.6,2024-03-10,2024-07-19,4160.91
15.53,6.33,24.29,135.05,47.18,9.17,0.58,98,1,5042.66,2024-02-13,2024-05-21,3802.41
14.93,5.6,33.91,266.04,60.91,9.78,0.83,102,5,5052.49,2024-03-11,2024-06-21,4012.16
43.08,6.51,34.33,103.79,57.64,4.3,0.83,120,1,3142.99,2024-03-22,2024-07-20,3359.99
11.58,5.6,26.24,140.63,54.43,6.32,0.5,129,3,2475.24,2024-03-22,2024-07-29,3824.74
31.09,6.3,15.81,59.73,75.68,8.82,0.74,110,5,5725.47,2024-03-05,2024-06-23,4266.83
27.76,6.52,24.8,190.73,63.74,4.1,0.66,109,3,5187.02,2024-02-19,2024-06-07,3802.41
17.96,5.6,24.61,181.06,76.06,8.65,0.55,126,2,5792.82,2024-01-02,2024-05-07,4012.16
27.56,6.72,24.43,262.09,76.37,8.23,0.51,123,4,3507.3,2024-03-16,2024-07-17,3802.41
26.95,7.41,20.58,124.62,87.07,9.89,0.46,110,2,3919.21,2024-03-16,2024-07-04,3504.1
23.29,7.46,31.37,288.65,80.23,5.74,0.86,106,2,4989.35,2024-02-21,2024-06-06,4718.38
31.55,6.67,19.85,217.46,66.55,7.83,0.86,96,1,4724.77,2024-03-16,2024-06-20,4266.83
32.77,7.01,20.74,121.35,42.96,8.61,0.8,116,4,5528.98,2024-01-06,2024-05-01,4266.83
40.69,5.52,26.36,76.83,89.15,5.71,0.45,102,3,5235.26,2024-02-09,2024-05-21,4160.91
37.68,6.64,30.15,93.87,82.81,9.38,0.3,96,3,2739.12,2024-02-22,2024-05-28,3504.1
36.38,7.41,21.04,230.72,40.57,7.92,0.76,100,4,3621.67,2024-02-10,2024-05-20,4004.49
31.51,5.94,17.67,88.3,77.39,7.63,0.75,124,3,5207.98,2024-02-25,2024-06-28,4168.09
28.49,6.22,33.34,78.05,81.44,9.42,0.59,144,4,4081.37,2024-01-11,2024-06-03,3504.1
14.62,6.33,26.28,189.7,73.64,5.85,0.62,103,4,4313.25,2024-01-24,2024-05-06,3802.41
11.11,6.32,30.38,241.46,88.92,7.88,0.7,145,4,5668.46,2024-02-15,2024-07-09,4168.09
16.25,6.57,25.58,231.96,51.13,4.02,0.39,117,1,4127.73,2024-03-18,2024-07-13,3802.41
38.33,6.34,30.32,270.94,40.78,5.24,0.44,135,1,5488.85,2024-03-22,2024-08-04,3359.99
27.64,6.08,31.32,232.88,55.95,7.59,0.66,123,5,2884.17,2024-01-22,2024-05-24,4012.16
27.35,7.44,33.83,217.84,79.29,5.91,0.72,138,2,4151.71,2024-02-06,2024-06-23,4718.38
24.44,6.33,25.6,147.1,52.75,5.98,0.66,136,2,5317.63,2024-01-18,2024-06-02,4074.15
35.35,6.62,24.59,267.37,56.65,9.74,0.72,137,2,5998.29,2024-03-04,2024-07-19,4004.49
21.26,6.07,24.33,212.18,55.42,6.16,0.64,138,2,5358.92,2024-03-16,2024-08-01,3824.74
19.13,7.37,26.58,154.39,47.62,5.98,0.88,131,1,5773.86,2024-02-18,2024-06-28,4476.56
35.65,6.2,17.8,186.64,49.2,9.34,0.44,132,5,2194.06,2024-01-27,2024-06-07,4004.49
27.7,6.25,27.36,216.69,70.83,6.9,0.6,90,5,2066.9,2024-03-14,2024-06-12,3802.41
42.13,6.55,19.82,204.95,52.62,6.13,0.81,126,1,2972.83,2024-02-15,2024-06-20,4004.49
23.27,6.61,16.12,52.36,48.57,7.0,0.72,96,4,5579.16,2024-03-28,2024-07-02,4266.83
42.35,6.87,20.61,185.76,72.91,5.08,0.64,138,1,5282.76,2024-03-05,2024-07-21,4004.49
23.43,6.98,30.81,222.33,43.92,8.47,0.76,94,3,3362.37,2024-01-27,2024-04-30,3802.41
27.17,6.21,33.82,157.96,73.98,7.96,0.39,94,4,2328.15,2024-01-23,2024-04-26,3802.41
13.73,5.51,21.17,139.98,53.49,4.8,0.66,116,3,2413.17,2024-03-17,2024-07-11,4012.16
20.21,6.28,16.69,275.28,85.26,9.87,0.55,109,1,3073.63,2024-01-09,2024-04-27,3504.1
18.81,5.99,27.5,198.45,49.78,4.64,0.79,129,3,3519.56,2024-02-27,2024-07-05,3824.74
31.11,6.89,24.58,94.41,59.91,5.91,0.42,107,3,5265.98,2024-02-13,2024-05-30,3802.41
43.36,6.42,29.17,159.61,54.57,8.16,0.34,105,1,3010.73,2024-03-10,2024-06-23,3359.99
28.7,7.35,32.39,154.58,41.84,9.81,0.71,112,4,2665.35,2024-03-22,2024-07-12,4376.08
13.71,5.7,19.44,236.71,67.9,8.13,0.59,133,4,4354.36,2024-02-25,2024-07-07,3824.74
14.06,7.38,17.83,127.97,62.77,5.24,0.37,134,1,3809.79,2024-02-24,2024-07-07,4476.56
42.55,6.98,25.32,187.98,56.55,6.56,0.83,101,5,4561.92,2024-03-06,2024-06-15,4004.49
23.61,6.91,19.12,238.08,80.44,4.38,0.68,119,4,2455.82,2024-02-07,2024-06-05,4168.09
30.55,6.2,31.91,204.34,80.69,8.24,0.38,110,4,2471.45,2024-03-05,2024-06-23,3504.1
14.83,6.27,18.72,208.88,74.67,7.87,0.87,101,2,3258.32,2024-02-05,2024-05-16,4266.83
38.53,7.43,25.11,173.74,74.23,6.49,0.47,140,5,5044.23,2024-03-01,2024-07-19,4004.49
29.24,5.73,17.28,243.78,81.16,6.2,0.9,96,4,4943.95,2024-01-14,2024-04-19,4168.09
40.18,5.67,32.31,79.35,80.59,5.26,0.64,129,3,2556.94,2024-02-06,2024-06-14,4168.09
15.89,7.46,20.85,193.18,87.62,7.09,0.39,107,2,5468.19,2024-02-02,2024-05-19,4160.91
27.13,6.65,20.37,153.56,62.6,7.8,0.3,149,4,5509.27,2024-02-23,2024-07-21,4074.15
39.75,7.09,22.95,292.03,81.24,6.97,0.33,126,3,5409.69,2024-03-05,2024-07-09,4160.91
14.35,7.22,23.83,50.17,87.9,5.21,0.4,131,1,3441.74,2024-02-03,2024-06-13,4160.91
25.02,5.68,16.9,103.36,43.9,7.56,0.44,97,5,5952.62,2024-02-27,2024-06-03,4012.16
20.97,7.26,17.74,243.37,77.66,4.8,0.39,131,1,2656.47,2024-01-20,2024-05-30,4160.91
40.1,5.67,17.01,238.11,69.48,6.3,0.81,131,4,2336.99,2024-01-09,2024-05-19,4004.49
31.24,5.88,22.84,211.54,79.19,8.76,0.38,130,2,4375.72,2024-01-16,2024-05-25,3504.1
33.9,7.03,34.09,242.59,40.83,4.41,0.55,115,2,4026.44,2024-01-26,2024-05-20,3802.41
28.82,5.81,16.67,69.76,86.05,9.85,0.87,138,2,5338.11,2024-03-21,2024-08-06,4718.38
13.02,6.37,24.07,202.21,55.46,8.45,0.73,90,5,2655.33,2024-01-23,2024-04-22,3802.41
36.24,7.25,29.66,79.51,84.99,6.01,0.6,126,5,4510.13,2024-02-23,2024-06-28,4168.09
18.93,5.71,26.48,230.69,51.42,7.05,0.63,114,5,5680.91,2024-02-12,2024-06-05,4012.16
18.69,7.33,21.4,256.5,68.58,4.72,0.49,115,3,2275.71,2024-03-02,2024-06-25,4266.83
10.28,5.9,26.28,125.98,71.14,6.78,0.62,140,4,2980.51,2024-03-25,2024-08-12,3824.74
36.56,6.25,29.76,126.88,50.26,9.9,0.72,107,1,2372.11,2024-01-23,2024-05-09,3359.99
30.33,6.51,27.74,148.59,69.59,4.37,0.44,115,1,4802.9,2024-02-26,2024-06-20,3802.41
13.81,5.71,23.99,128.51,46.04,6.15,0.66,97,2,2361.68,2024-02-28,2024-06-04,4012.16
13.19,6.0,22.11,178.36,73.86,5.56,0.38,137,5,4200.48,2024-02-18,2024-07-04,3824.74
14.58,7.15,22.44,207.57,72.23,7.49,0.79,147,5,4583.95,2024-01-07,2024-06-02,4476.56
11.77,7.35,23.66,231.11,64.81,6.3,0.45,107,4,3784.05,2024-01-09,2024-04-25,4266.83
40.9,6.46,16.75,145.75,60.96,7.86,0.59,91,4,5957.61,2024-03-26,2024-06-25,4004.49
16.29,6.14,19.38,273.94,78.93,4.35,0.77,100,3,2400.54,2024-03-08,2024-06-16,4168.09
39.63,7.09,22.1,259.81,82.26,5.06,0.89,135,2,4802.24,2024-03-01,2024-07-14,4718.38
16.14,5.58,16.12,200.42,41.0,6.87,0.72,135,3,2709.84,2024-01-11,2024-05-25,3824.74
40.12,7.42,22.47,285.48,59.78,4.61,0.88,150,2,3747.47,2024-01-24,2024-06-22,4004.49
38.51,6.26,29.68,123.63,48.89,4.01,0.6,148,2,5235.23,2024-03-11,2024-08-06,3359.99
22.14,6.14,27.72,290.77,81.08,8.02,0.33,134,5,2271.18,2024-01-08,2024-05-21,3504.1
40.96,6.49,22.57,186.51,45.07,6.88,0.53,91,5,3274.87,2024-01-10,2024-04-10,4004.49
21.83,7.47,32.86,226.13,61.57,7.92,0.46,102,1,3637.12,2024-02-07,2024-05-19,4376.08
13.36,6.29,25.99,172.74,42.73,4.02,0.89,120,5,2798.7,2024-03-20,2024-07-18,3802.41
37.47,6.44,32.9,116.25,72.09,6.33,0.34,106,3,3758.96,2024-02-02,2024-05-18,3359.99
38.29,6.33,30.13,106.88,43.05,6.32,0.73,146,3,2942.57,2024-02-19,2024-07-14,3359.99
16.05,7.47,34.44,252.12,46.31,6.54,0.34,143,4,4380.19,2024-03-05,2024-07-26,4476.56
29.32,7.21,25.39,279.29,40.62,8.2,0.36,127,4,4330.71,2024-01-19,2024-05-25,4074.15
40.73,6.03,28.1,193.01,63.65,5.03,0.33,115,3,2155.13,2024-03-23,2024-07-16,3359.99
10.71,7.13,21.06,120.09,64.58,8.18,0.35,139,3,5303.29,2024-03-15,2024-08-01,4476.56
35.93,7.02,32.34,255.25,65.76,4.95,0.42,144,4,4097.14,2024-01-25,2024-06-17,3359.99
25.98,7.34,29.09,118.49,81.18,7.03,0.4,128,1,3784.41,2024-02-16,2024-06-23,4160.91
10.96,5.6,32.08,244.96,50.72,5.33,0.58,122,3,2080.21,2024-03-14,2024-07-14,4012.16
38.03,5.95,27.17,285.75,75.64,8.26,0.54,106,2,2872.84,2024-02-15,2024-05-31,3359.99
44.98,7.43,31.79,190.36,69.69,5.7,0.69,110,2,5445.97,2024-02-21,2024-06-10,3359.99
36.79,7.3,31.11,250.59,70.0,7.96,0.72,106,2,5627.65,2024-02-10,2024-05-26,3359.99
34.02,6.78,24.51,285.17,57.92,5.8,0.76,96,5,3883.12,2024-01-10,2024-04-15,3802.41
17.78,5.95,32.43,155.12,84.34,6.23,0.37,145,1,4537.59,2024-02-02,2024-06-26,4160.91
24.46,7.24,18.02,298.09,57.13,9.92,0.68,139,3,2323.25,2024-03-06,2024-07-23,4074.15
17.33,7.05,26.53,89.61,79.26,8.68,0.74,117,3,5861.31,2024-02-13,2024-06-09,4168.09
16.67,6.85,27.53,112.21,74.68,6.07,0.74,100,2,2261.15,2024-03-10,2024-06-18,3802.41
22.0,7.3,22.19,97.11,87.4,9.51,0.73,103,5,4936.31,2024-03-05,2024-06-16,4168.09
36.99,6.75,26.88,61.99,45.41,9.02,0.71,97,3,4189.13,2024-02-13,2024-05-20,3359.99
33.16,6.82,20.4,201.41,46.86,8.98,0.46,97,4,5139.04,2024-01-10,2024-04-16,4266.83
20.34,5.58,24.93,101.92,86.66,5.98,0.35,126,4,4676.09,2024-01-27,2024-06-01,4160.91
25.99,7.45,20.28,62.52,80.66,9.24,0.69,137,5,2463.6,2024-02-14,2024-06-30,4168.09
43.43,6.04,29.66,143.16,57.14,4.68,0.37,144,4,3912.98,2024-02-23,2024-07-16,3359.99
24.56,6.68,31.05,219.6,49.06,6.28,0.83,136,1,5893.78,2024-03-27,2024-08-10,4074.15
19.16,6.13,29.09,219.48,78.38,7.46,0.59,134,1,4802.32,2024-03-17,2024-07-29,4160.91
41.22,6.73,15.23,283.59,65.28,6.82,0.69,105,2,3323.58,2024-02-11,2024-05-26,4004.49
26.07,7.1,23.96,264.15,62.35,4.71,0.66,116,1,2143.33,2024-01-13,2024-05-08,3802.41
17.24,6.84,34.01,140.84,42.71,5.34,0.76,120,2,4866.63,2024-03-20,2024-07-18,3802.41
22.43,6.77,31.0,186.92,58.69,4.64,0.86,136,3,3636.84,2024-03-24,2024-08-07,4074.15
38.86,5.88,21.76,239.29,42.33,7.8,0.86,98,4,5855.42,2024-03-17,2024-06-23,4004.49
34.21,5.85,31.3,75.89,72.88,7.64,0.88,148,5,4770.06,2024-02-20,2024-07-17,3824.74
24.45,6.9,29.97,124.73,75.07,9.16,0.87,133,5,3381.17,2024-03-10,2024-07-21,4074.15
29.68,6.67,33.85,227.53,73.71,9.36,0.75,91,3,3523.48,2024-03-04,2024-06-03,3802.41
15.12,5.62,30.69,101.0,67.06,6.15,0.61,125,3,5459.37,2024-03-24,2024-07-27,4012.16
23.56,7.41,34.52,128.16,67.61,4.08,0.65,104,4,5645.95,2024-02-27,2024-06-10,4376.08
25.71,7.47,16.49,290.62,76.75,4.72,0.86,100,3,4335.94,2024-02-05,2024-05-15,4168.09
30.89,7.05,27.51,260.78,55.06,8.74,0.55,104,3,5827.95,2024-02-17,2024-05-31,3802.41
17.74,5.93,21.64,140.2,50.92,8.52,0.85,97,3,4675.75,2024-03-01,2024-06-06,4012.16
23.35,7.09,17.27,114.15,76.2,4.15,0.87,92,3,3185.74,2024-02-16,2024-05-18,4266.83
10.26,5.63,28.41,243.4,83.25,6.55,0.58,139,2,3740.95,2024-03-24,2024-08-10,4160.91
12.56,5.86,20.04,67.61,81.08,9.47,0.73,110,1,2067.56,2024-02-14,2024-06-03,4718.38
34.53,5.65,33.56,76.53,79.34,5.81,0.38,115,1,5288.49,2024-02-13,2024-06-07,4160.91
43.6,5.79,28.55,278.54,79.75,8.38,0.87,97,3,2167.09,2024-03-05,2024-06-10,4168.09
17.41,7.31,32.03,85.61,49.2,7.7,0.63,126,3,5409.0,2024-03-26,2024-07-30,4476.56
18.77,5.89,26.61,287.88,57.86,8.03,0.65,110,1,3943.44,2024-01-07,2024-04-26,4012.16
15.9,6.13,30.71,228.05,72.04,5.66,0.41,119,4,3781.43,2024-02-16,2024-06-14,4012.16
41.2,5.89,29.67,206.65,76.37,9.35,0.58,148,5,2146.63,2024-03-07,2024-08-02,3359.99
17.82,7.04,29.66,122.75,63.24,7.06,0.4,144,4,5856.0,2024-03-08,2024-07-30,4476.56
11.41,7.02,19.63,116.09,51.7,8.01,0.68,92,3,5922.36,2024-02-02,2024-05-04,4266.83
29.05,5.85,28.07,141.32,72.67,9.01,0.83,115,2,3411.59,2024-01-17,2024-05-11,4012.16
25.4,5.96,25.29,120.2,47.51,4.94,0.69,97,5,3926.07,2024-02-24,2024-05-31,4012.16
11.51,6.65,18.22,207.39,41.96,7.43,0.74,115,5,4397.43,2024-01-17,2024-05-11,4266.83
25.72,7.49,32.35,92.64,81.52,7.61,0.53,136,5,4742.36,2024-02-06,2024-06-21,4160.91
17.08,7.22,25.09,154.95,47.48,4.58,0.62,138,1,2470.07,2024-03-17,2024-08-02,4476.56
24.72,7.25,28.95,157.24,86.92,6.89,0.76,143,2,4786.83,2024-03-25,2024-08-15,4718.38
40.69,6.32,18.78,227.29,79.47,7.47,0.69,134,2,5217.15,2024-03-07,2024-07-19,4718.38
24.82,6.23,20.51,220.15,77.75,6.48,0.74,106,2,5954.03,2024-03-16,2024-06-30,4718.38
37.41,7.4,17.01,177.09,79.3,8.81,0.35,141,4,2364.35,2024-03-01,2024-07-20,3504.1
12.8,5.58,22.69,296.11,70.7,7.13,0.77,102,3,5402.27,2024-02-01,2024-05-13,4012.16
33.59,6.22,28.1,293.91,44.34,5.66,0.63,102,5,4070.97,2024-02-19,2024-05-31,3802.41
17.92,7.43,24.1,150.99,40.23,5.05,0.79,150,3,2468.04,2024-02-11,2024-07-10,4476.56
29.71,7.04,30.15,290.31,62.94,6.76,0.49,130,4,5154.62,2024-01-13,2024-05-22,4074.15
10.34,7.16,19.97,73.25,73.68,8.93,0.71,112,2,2874.26,2024-02-11,2024-06-02,4266.83
18.22,5.98,20.31,107.3,81.75,9.02,0.62,133,5,5823.12,2024-01-03,2024-05-15,4168.09
31.72,6.48,34.71,274.25,83.44,6.94,0.6,93,3,4102.94,2024-03-05,2024-06-06,4168.09
44.18,6.9,24.2,222.3,40.59,5.26,0.52,125,4,3051.4,2024-02-06,2024-06-10,4004.49
24.67,7.0,22.3,150.15,62.54,7.43,0.39,117,5,5425.23,2024-01-18,2024-05-14,4266.83
27.49,7.49,31.99,179.25,76.03,8.71,0.59,115,4,2395.9,2024-03-02,2024-06-25,4376.08
19.09,6.22,26.15,252.5,57.21,6.47,0.51,126,3,4599.46,2024-01-19,2024-05-24,4476.56
23.34,6.07,27.63,86.21,48.38,8.85,0.49,144,1,5628.29,2024-03-13,2024-08-04,3824.74
32.56,6.04,23.9,265.7,58.16,7.52,0.35,136,2,2938.51,2024-01-05,2024-05-20,3824.74
13.34,7.37,24.46,63.46,78.55,7.14,0.47,131,1,5726.36,2024-01-03,2024-05-13,4160.91
39.35,5.56,28.27,265.09,56.26,6.86,0.64,101,2,4363.32,2024-03-18,2024-06-27,3359.99
28.89,7.11,23.84,141.45,52.99,5.82,0.75,108,4,3876.79,2024-01-12,2024-04-29,4266.83
37.93,6.69,30.94,187.05,49.43,9.29,0.68,131,4,3558.89,2024-03-24,2024-08-02,3359.99
38.31,6.33,32.07,95.6,54.48,7.82,0.88,110,2,2077.58,2024-02-07,2024-05-27,3359.99
35.03,6.95,19.66,87.67,64.68,6.05,0.33,140,5,2126.95,2024-02-23,2024-07-12,4074.15
26.46,5.88,31.83,254.31,81.41,4.73,0.61,137,2,5978.14,2024-02-08,2024-06-24,4718.38
33.85,6.12,21.46,207.29,42.11,9.62,0.44,113,4,5550.08,2024-02-07,2024-05-30,4012.16
15.86,6.05,17.39,247.29,40.45,4.25,0.86,95,1,2994.89,2024-02-25,2024-05-30,4012.16
32.56,6.9,30.83,81.46,51.63,9.89,0.72,114,3,3432.67,2024-01-23,2024-05-16,3802.41
16.64,5.87,21.95,233.1,53.77,8.99,0.6,142,4,3053.4,2024-02-10,2024-07-01,3824.74
39.99,7.05,19.78,230.25,72.91,7.23,0.37,125,2,2616.53,2024-02-25,2024-06-29,4004.49
16.25,5.56,17.14,97.9,41.59,7.85,0.31,127,5,3023.75,2024-03-23,2024-07-28,4012.16
26.38,6.78,22.22,235.87,84.52,8.93,0.36,94,1,5337.83,2024-01-24,2024-04-27,3504.1
16.63,6.55,19.98,206.33,48.94,8.5,0.4,112,4,4697.97,2024-03-19,2024-07-09,4266.83
27.66,6.82,25.68,199.98,86.68,9.41,0.76,142,4,4903.47,2024-03-14,2024-08-03,4168.09
25.66,6.29,29.53,295.74,69.79,7.11,0.64,144,4,3259.62,2024-01-07,2024-05-30,4074.15
26.11,5.81,20.3,272.41,52.49,5.54,0.8,136,1,2308.81,2024-03-07,2024-07-21,3824.74
11.31,7.12,22.63,245.03,86.09,6.01,0.33,139,3,2906.87,2024-01-28,2024-06-15,4160.91
29.77,6.15,28.96,88.3,73.68,9.98,0.59,117,2,3159.13,2024-01-08,2024-05-04,3802.41
19.19,6.3,23.69,224.47,78.1,6.89,0.46,125,4,4463.99,2024-03-07,2024-07-10,4160.91
13.14,6.84,23.47,137.08,56.04,7.56,0.85,142,2,5960.64,2024-02-20,2024-07-11,4476.56
15.46,6.96,16.72,234.9,52.15,7.73,0.62,97,3,3220.47,2024-03-26,2024-07-01,4266.83
36.26,6.6,27.46,298.08,74.75,8.01,0.46,106,2,2681.28,2024-03-02,2024-06-16,3359.99
23.6,6.04,32.04,215.03,83.21,4.11,0.41,96,1,5615.49,2024-03-23,2024-06-27,4160.91
11.39,7.34,21.1,172.48,77.22,4.11,0.9,107,1,5247.57,2024-01-17,2024-05-03,4718.38
17.9,6.18,22.86,84.32,76.49,7.12,0.69,109,3,5638.94,2024-01-14,2024-05-02,4168.09
34.1,7.3,33.19,157.52,85.45,8.62,0.83,97,3,2736.54,2024-03-24,2024-06-29,4168.09
25.51,7.37,32.88,283.31,53.69,8.67,0.71,107,3,4422.42,2024-03-20,2024-07-05,4376.08
14.69,7.19,24.38,212.39,49.2,6.32,0.43,116,4,5058.16,2024-01-02,2024-04-27,4376.08
16.2,7.41,23.79,204.26,74.39,9.2,0.64,137,1,5297.31,2024-01-20,2024-06-05,4476.56
25.81,7.15,15.85,298.96,65.94,6.37,0.47,102,1,3164.72,2024-03-02,2024-06-12,4266.83
31.46,5.61,25.34,85.56,81.49,6.71,0.65,98,3,3572.27,2024-03-18,2024-06-24,4168.09
18.75,6.88,33.14,249.12,75.92,4.74,0.87,123,1,4829.12,2024-02-03,2024-06-05,3802.41
11.54,5.84,21.7,267.83,83.13,4.97,0.41,109,4,3238.07,2024-01-14,2024-05-02,4160.91
31.79,6.01,24.17,263.85,67.18,4.03,0.83,119,1,3640.61,2024-03-16,2024-07-13,4012.16
38.7,5.92,18.7,63.77,57.45,4.87,0.4,111,2,5681.54,2024-03-10,2024-06-29,4004.49
30.03,6.62,34.33,237.33,58.01,4.22,0.37,94,2,5033.77,2024-02-27,2024-05-31,3802.41
24.48,5.92,19.18,64.55,68.57,9.88,0.67,135,2,3148.75,2024-03-26,2024-08-08,3824.74
27.37,6.96,24.95,252.0,84.18,5.4,0.55,130,2,5186.93,2024-01-15,2024-05-24,4160.91
38.21,5.92,27.81,222.5,52.72,4.41,0.32,133,2,3333.13,2024-01-04,2024-05-16,3359.99
39.18,7.34,24.58,168.63,41.78,4.81,0.61,119,3,5135.96,2024-03-11,2024-07-08,4004.49
10.66,6.65,21.63,279.05,79.79,4.4,0.66,130,2,4137.09,2024-02-13,2024-06-22,4718.38
19.5,5.67,32.54,142.9,81.47,5.82,0.84,102,1,5653.42,2024-01-25,2024-05-06,4718.38
42.33,6.96,25.47,243.88,47.16,9.23,0.71,135,3,5459.24,2024-02-13,2024-06-27,4004.49
41.12,5.71,30.32,236.39,41.12,8.55,0.39,124,4,3276.6,2024-02-09,2024-06-12,3359.99
29.59,5.7,25.85,187.34,53.55,9.66,0.84,129,2,5568.97,2024-01-10,2024-05-18,3824.74
11.88,6.35,18.58,199.03,69.64,9.02,0.85,102,4,4851.59,2024-02-27,2024-06-08,4266.83
13.25,7.1,28.97,74.32,55.52,7.87,0.72,145,5,5582.8,2024-01-05,2024-05-29,4476.56
27.06,5.63,17.26,169.66,82.29,5.69,0.34,115,4,5270.21,2024-03-04,2024-06-27,4160.91
24.03,6.33,27.42,186.99,88.69,6.3,0.7,140,4,5920.82,2024-03-14,2024-08-01,4168.09
14.0,6.69,21.51,74.41,62.26,5.85,0.34,128,4,5085.37,2024-03-27,2024-08-02,4476.56
41.61,6.77,15.0,86.68,47.46,7.19,0.48,133,2,5509.7,2024-01-07,2024-05-19,4004.49
30.4,6.72,25.21,261.91,82.63,4.37,0.54,145,1,3128.84,2024-02-04,2024-06-28,4160.91
23.35,6.59,28.25,168.72,49.41,6.31,0.59,98,4,2046.41,2024-03-05,2024-06-11,3802.41
14.8,7.11,32.2,273.4,74.77,9.58,0.65,118,1,3538.86,2024-03-27,2024-07-23,3802.41
24.38,6.59,22.34,294.56,68.41,8.23,0.77,99,3,4920.74,2024-03-03,2024-06-10,4266.83
28.32,6.72,19.9,207.67,73.19,8.01,0.74,139,1,2043.13,2024-02-18,2024-07-06,4074.15
20.12,5.57,33.46,237.36,76.35,7.38,0.47,93,3,4625.28,2024-01-19,2024-04-21,4012.16
12.69,7.07,20.04,203.95,53.76,5.54,0.72,99,2,4636.62,2024-03-24,2024-07-01,4266.83
40.17,6.19,16.69,86.27,86.7,4.92,0.51,118,2,4904.0,2024-01-22,2024-05-19,4160.91
15.87,6.3,21.03,236.54,77.62,7.2,0.57,99,1,4121.77,2024-02-09,2024-05-18,4160.91
13.41,6.56,22.08,261.06,70.52,7.91,0.74,131,1,4336.71,2024-01-09,2024-05-19,4476.56
33.72,7.49,21.27,52.64,40.42,4.41,0.67,112,3,2877.67,2024-03-15,2024-07-05,4266.83
43.27,6.78,29.16,79.99,82.82,4.78,0.47,119,5,4641.91,2024-02-10,2024-06-08,4160.91
15.67,5.65,30.54,145.7,56.63,4.36,0.56,129,3,3570.54,2024-02-07,2024-06-15,3824.74
13.62,5.65,26.43,112.65,62.29,9.38,0.3,114,3,3065.75,2024-01-22,2024-05-15,4012.16
24.14,6.96,31.25,67.52,51.29,6.31,0.35,133,4,3211.31,2024-02-11,2024-06-23,4074.15
36.62,6.08,19.06,188.62,88.38,7.96,0.41,134,4,3437.04,2024-01-21,2024-06-03,3504.1
35.19,6.69,24.78,65.75,67.03,5.85,0.7,140,1,4884.05,2024-01-11,2024-05-30,4074.15
35.94,5.97,16.44,233.86,64.44,4.11,0.67,101,5,4530.65,2024-01-01,2024-04-11,4004.49
27.4,7.1,19.41,251.11,61.31,8.87,0.33,124,1,2549.32,2024-03-19,2024-07-21,4266.83
14.23,5.78,23.3,224.07,67.67,6.63,0.3,114,1,5110.65,2024-03-20,2024-07-12,4012.16
24.57,7.11,30.45,223.09,50.31,7.84,0.35,134,3,2150.48,2024-01-20,2024-06-02,4074.15
10.16,5.97,17.35,182.55,44.78,6.17,0.88,107,4,2212.28,2024-03-07,2024-06-22,4012.16
15.59,7.35,16.08,141.05,50.48,5.51,0.84,101,5,2632.18,2024-01-18,2024-04-28,4266.83
21.41,5.9,28.54,131.42,78.95,5.96,0.56,147,2,2882.65,2024-01-13,2024-06-08,4160.91
16.23,6.25,24.15,98.54,57.93,5.62,0.51,107,4,2546.01,2024-03-02,2024-06-17,3802.41
37.63,6.78,27.23,92.48,88.51,9.13,0.74,103,5,4366.32,2024-02-28,2024-06-10,4168.09
25.2,5.94,33.55,286.56,85.69,9.39,0.78,139,3,4016.87,2024-02-24,2024-07-12,4168.09
18.42,6.62,15.25,232.95,87.5,4.8,0.75,120,4,4676.14,2024-01-01,2024-04-30,4168.09
37.01,7.25,23.11,247.46,58.52,6.79,0.67,123,4,2130.86,2024-03-11,2024-07-12,4004.49
40.83,6.97,16.1,286.33,73.73,9.33,0.73,113,2,3465.73,2024-03-02,2024-06-23,4004.49
18.35,5.73,24.57,284.79,69.01,9.75,0.51,147,3,3069.43,2024-02-12,2024-07-08,3824.74
39.03,6.44,25.64,256.34,84.97,6.71,0.47,147,2,5535.92,2024-01-07,2024-06-02,4160.91
19.66,6.89,24.93,268.75,66.03,7.76,0.41,120,5,3386.8,2024-03-05,2024-07-03,3802.41
32.56,6.32,21.86,211.51,56.32,7.56,0.47,109,2,2686.95,2024-01-26,2024-05-14,4266.83
19.95,7.41,27.37,90.2,66.77,5.09,0.38,99,3,2645.02,2024-03-26,2024-07-03,4376.08
17.18,6.91,28.31,294.51,47.4,6.69,0.39,149,5,3997.67,2024-01-13,2024-06-10,4476.56
41.36,7.44,30.08,298.52,73.34,8.8,0.67,147,4,2160.32,2024-03-16,2024-08-10,3359.99
13.24,5.61,27.83,195.86,51.11,9.61,0.59,118,3,4708.25,2024-03-28,2024-07-24,4012.16
15.18,7.21,22.39,143.21,54.23,6.11,0.88,137,4,5970.39,2024-03-15,2024-07-30,4476.56
39.24,6.7,17.87,125.81,89.42,7.15,0.4,114,5,2353.79,2024-03-25,2024-07-17,4160.91
16.97,7.16,20.79,172.65,81.14,5.81,0.8,91,5,5164.88,2024-02-08,2024-05-09,4168.09
24.6,6.48,28.76,111.19,45.97,5.66,0.72,126,3,3744.27,2024-03-16,2024-07-20,4074.15
35.65,5.54,20.19,195.41,47.31,6.77,0.68,116,2,4544.99,2024-02-12,2024-06-07,4004.49
36.83,5.87,16.89,238.16,67.19,9.23,0.61,96,5,4137.68,2024-03-12,2024-06-16,4004.49
21.91,7.32,17.05,88.64,51.06,5.13,0.52,142,4,2524.93,2024-01-04,2024-05-25,4074.15
36.73,6.18,29.2,57.19,80.73,5.33,0.35,98,2,5924.44,2024-01-07,2024-04-14,4160.91
16.87,5.57,28.2,198.29,63.45,9.45,0.41,96,1,5129.48,2024-01-25,2024-04-30,4012.16
15.09,6.99,20.55,194.94,57.61,9.13,0.4,127,1,5052.98,2024-01-27,2024-06-02,4476.56
42.22,7.2,24.49,224.53,49.26,8.04,0.37,103,5,4057.0,2024-02-14,2024-05-27,4004.49
27.35,6.22,20.77,230.53,44.11,6.96,0.89,133,5,5904.72,2024-03-10,2024-07-21,4074.15
41.32,7.1,33.78,141.86,40.64,8.04,0.36,95,1,2476.87,2024-03-22,2024-06-25,3359.99
44.13,6.18,26.9,297.67,46.14,9.03,0.59,107,3,5025.21,2024-03-19,2024-07-04,3359.99
19.76,7.04,17.16,112.67,64.86,7.77,0.71,94,2,3992.54,2024-01-27,2024-04-30,4266.83
31.81,7.02,28.22,179.99,64.61,6.8,0.76,124,2,3374.46,2024-03-09,2024-07-11,3802.41
25.75,7.21,23.85,59.0,48.84,7.96,0.59,109,4,4862.89,2024-02-05,2024-05-24,4266.83
39.9,6.51,22.83,173.67,88.54,7.7,0.32,92,2,2512.79,2024-01-19,2024-04-20,3504.1
24.99,7.48,23.24,64.11,52.21,5.41,0.32,145,1,3219.65,2024-03-03,2024-07-26,4074.15
41.55,6.03,28.92,197.0,89.29,6.27,0.7,134,2,4700.45,2024-02-04,2024-06-17,4718.38
22.72,6.37,24.94,261.83,79.36,9.04,0.81,115,3,5218.41,2024-02-19,2024-06-13,4168.09
19.57,6.63,25.62,156.78,57.37,4.46,0.57,124,3,3253.41,2024-02-22,2024-06-25,3802.41
40.19,6.65,19.26,290.53,77.11,6.8,0.76,102,2,3457.1,2024-01-17,2024-04-28,4718.38
40.11,7.32,27.68,261.49,53.35,5.72,0.49,105,3,2454.23,2024-01-13,2024-04-27,3359.99
24.77,7.31,19.04,118.18,41.46,8.74,0.84,92,4,5855.15,2024-03-28,2024-06-28,4266.83
40.35,7.3,23.14,140.86,72.87,4.54,0.45,149,3,2482.57,2024-03-17,2024-08-13,4004.49
14.28,7.11,21.59,196.08,59.5,8.49,0.33,103,2,5879.69,2024-01-06,2024-04-18,4266.83
29.1,6.45,19.93,119.43,79.21,4.87,0.86,131,3,5867.22,2024-02-01,2024-06-11,4168.09
23.46,6.78,29.01,275.79,74.26,7.21,0.82,109,2,2361.0,2024-02-09,2024-05-28,3802.41
40.78,7.03,23.13,58.47,83.32,8.94,0.46,117,3,5507.04,2024-02-23,2024-06-19,3504.1
31.07,7.13,29.76,163.32,41.37,4.31,0.37,90,4,3602.65,2024-03-05,2024-06-03,3802.41
39.64,6.87,30.85,129.85,63.92,8.41,0.53,108,5,2794.65,2024-02-26,2024-06-13,3359.99
42.31,6.79,27.53,276.71,88.71,5.19,0.31,106,1,2597.0,2024-02-20,2024-06-05,4160.91
14.15,6.93,18.81,265.48,79.11,5.73,0.41,103,4,5980.83,2024-01-20,2024-05-02,4160.91
44.16,5.97,24.02,112.08,69.15,7.88,0.66,115,3,4747.41,2024-02-23,2024-06-17,4004.49
12.06,6.17,19.7,277.06,89.84,9.64,0.64,109,2,5910.1,2024-03-13,2024-06-30,4718.38
27.63,7.36,32.56,82.98,55.87,7.18,0.56,121,5,5486.72,2024-01-05,2024-05-05,4376.08
28.09,6.37,18.3,234.22,64.56,9.7,0.37,101,3,2143.45,2024-01-08,2024-04-18,4266.83
22.48,6.92,24.7,173.25,82.29,9.2,0.7,143,4,2673.18,2024-02-06,2024-06-28,4168.09
28.41,6.64,23.33,69.21,78.41,8.06,0.35,115,1,3494.23,2024-03-04,2024-06-27,3504.1
30.8,5.51,34.4,214.04,87.54,5.95,0.53,110,3,5192.59,2024-03-10,2024-06-28,4160.91
18.4,7.04,22.98,55.13,50.41,6.33,0.84,97,5,3194.19,2024-03-05,2024-06-10,4266.83
39.12,6.53,24.79,271.35,63.82,7.38,0.88,101,1,3736.42,2024-02-20,2024-05-31,4004.49
28.45,6.79,16.68,167.05,43.96,8.81,0.35,143,4,2994.61,2024-03-10,2024-07-31,4074.15
27.87,6.33,24.29,230.08,80.64,6.13,0.55,119,1,2718.21,2024-03-22,2024-07-19,4160.91
35.34,7.01,24.0,251.96,57.07,9.51,0.54,106,2,5486.46,2024-03-20,2024-07-04,4004.49
26.11,6.31,28.15,236.06,76.3,5.82,0.37,115,4,5218.56,2024-03-22,2024-07-15,3802.41
17.32,6.8,27.99,158.95,71.3,8.74,0.72,120,1,3687.52,2024-02-05,2024-06-04,3802.41
40.09,6.67,19.03,192.36,81.69,4.31,0.9,116,1,5394.47,2024-03-14,2024-07-08,4718.38
27.01,6.68,27.23,219.67,80.83,6.93,0.37,125,4,2254.04,2024-03-11,2024-07-14,4160.91
10.73,6.08,18.84,135.96,51.61,5.32,0.55,119,4,2524.63,2024-03-22,2024-07-19,4012.16
31.76,6.06,29.99,216.76,46.45,5.2,0.46,105,5,2837.73,2024-02-10,2024-05-25,4012.16
11.12,5.63,23.61,204.39,46.03,5.34,0.66,146,2,4228.09,2024-01-25,2024-06-19,3824.74
37.96,7.43,30.12,293.66,79.08,7.66,0.48,130,4,2472.24,2024-01-06,2024-05-15,3504.1
35.64,5.7,27.94,133.65,46.89,9.09,0.46,143,4,5236.58,2024-01-08,2024-05-30,3359.99
15.31,7.01,23.43,107.05,80.09,6.48,0.73,133,5,3447.1,2024-03-26,2024-08-06,4168.09
21.02,7.46,18.29,65.37,77.96,7.96,0.83,141,3,4641.45,2024-03-23,2024-08-11,4168.09
10.28,6.06,25.56,280.11,75.01,6.68,0.77,118,3,4789.88,2024-03-21,2024-07-17,4012.16
28.81,6.28,29.38,269.97,66.02,7.24,0.62,111,1,5028.19,2024-02-17,2024-06-07,3802.41
35.43,7.47,17.21,64.99,58.65,7.76,0.44,118,3,3191.84,2024-03-04,2024-06-30,4004.49
19.96,7.07,29.3,218.11,75.72,7.12,0.8,142,3,5114.2,2024-03-07,2024-07-27,4476.56
24.87,5.76,19.3,69.52,73.84,6.42,0.4,118,1,4756.07,2024-03-14,2024-07-10,4012.16
14.53,6.91,32.27,79.51,50.63,6.84,0.61,144,4,3634.48,2024-01-20,2024-06-12,4476.56
44.69,6.11,24.72,247.8,47.11,7.54,0.82,142,3,4958.64,2024-01-06,2024-05-27,4004.49
20.84,6.4,21.76,144.33,81.72,9.0,0.78,118,2,4668.88,2024-02-25,2024-06-22,4718.38
41.51,6.18,15.92,217.61,62.15,5.66,0.64,140,5,5086.38,2024-03-21,2024-08-08,4004.49
30.19,5.61,26.4,97.35,63.79,9.38,0.65,107,2,5147.03,2024-01-01,2024-04-17,4012.16
21.22,6.68,24.83,283.46,57.0,5.08,0.45,97,2,5919.14,2024-02-03,2024-05-10,3802.41
43.33,6.86,16.18,290.28,49.07,8.28,0.33,147,3,3296.87,2024-01-14,2024-06-09,4004.49
18.28,6.52,25.09,287.34,53.46,5.91,0.71,104,2,5654.94,2024-02-21,2024-06-04,3802.41
20.66,6.31,16.68,208.95,50.17,9.81,0.58,150,5,3695.01,2024-01-18,2024-06-16,4476.56
12.11,7.34,20.47,112.72,74.0,10.0,0.72,100,1,4956.73,2024-02-02,2024-05-12,4266.83
40.74,5.92,25.1,250.51,84.2,9.67,0.85,110,3,3366.52,2024-01-22,2024-05-11,4168.09
26.68,7.3,28.45,153.29,84.76,8.22,0.88,94,2,4154.6,2024-03-21,2024-06-23,4718.38
23.54,7.18,31.24,295.95,46.24,6.22,0.68,138,3,3124.54,2024-03-01,2024-07-17,4074.15
43.86,5.57,24.86,226.01,70.3,4.04,0.71,121,4,2681.91,2024-03-17,2024-07-16,4004.49
14.49,5.63,20.19,192.48,51.4,7.14,0.3,133,2,4131.77,2024-01-23,2024-06-04,3824.74
25.14,7.49,20.48,220.04,63.33,6.17,0.83,124,3,3795.45,2024-02-14,2024-06-17,4266.83
43.52,7.33,18.94,132.31,43.14,7.75,0.58,141,4,4505.19,2024-01-19,2024-06-08,4004.49
28.19,5.97,16.46,199.99,61.93,4.57,0.34,114,3,3253.12,2024-01-02,2024-04-25,4012.16
31.38,6.36,17.04,63.95,42.61,9.1,0.56,145,3,4398.3,2024-02-08,2024-07-02,4074.15
25.89,6.16,18.85,75.67,69.76,4.41,0.38,112,1,3684.03,2024-03-09,2024-06-29,4266.83
20.91,6.37,34.19,238.59,55.56,9.31,0.39,108,5,3475.32,2024-03-11,2024-06-27,3802.41
40.05,6.34,18.91,100.09,85.43,8.71,0.5,119,2,4399.05,2024-03-23,2024-07-20,3504.1
15.68,6.41,30.78,60.55,50.97,4.02,0.74,105,3,3922.98,2024-03-07,2024-06-20,3802.41
38.91,5.51,15.2,139.47,67.73,4.85,0.73,91,5,2796.49,2024-02-02,2024-05-03,4004.49
16.25,5.54,31.86,277.66,41.05,8.06,0.7,149,5,2840.95,2024-01-11,2024-06-08,3824.74
15.06,7.35,30.9,97.92,58.91,6.25,0.33,129,1,4349.3,2024-01-25,2024-06-02,4476.56
43.89,7.27,19.18,70.35,63.53,7.98,0.52,122,2,3497.06,2024-03-25,2024-07-25,4004.49
19.39,6.3,33.42,196.0,41.83,5.32,0.52,109,4,3700.09,2024-02-07,2024-05-26,3802.41
20.33,6.54,19.6,60.29,65.61,6.02,0.46,121,1,3268.08,2024-02-26,2024-06-26,4266.83
20.31,6.5,25.93,69.54,53.82,5.37,0.76,111,1,2786.59,2024-03-07,2024-06-26,3802.41
44.93,7.5,30.05,234.96,85.62,4.05,0.76,142,2,4319.82,2024-02-13,2024-07-04,4718.38
17.94,7.0,24.49,178.96,79.3,8.55,0.81,102,5,3715.17,2024-02-28,2024-06-09,4168.09
30.21,5.76,33.87,52.42,80.52,9.01,0.31,115,5,5051.37,2024-03-25,2024-07-18,3504.1
44.2,7.49,26.36,249.79,85.69,7.44,0.57,124,5,3545.74,2024-02-03,2024-06-06,4160.91
13.65,6.61,15.64,222.26,64.43,5.12,0.4,132,5,4097.58,2024-01-10,2024-05-21,4476.56
44.64,5.76,23.37,235.79,59.45,9.42,0.49,142,5,4838.69,2024-02-14,2024-07-05,4004.49
19.64,5.51,17.85,65.99,59.96,8.85,0.57,126,4,2156.34,2024-02-15,2024-06-20,4012.16
38.82,7.2,23.3,94.89,70.89,6.59,0.46,115,2,4794.58,2024-03-04,2024-06-27,4004.49
41.81,6.32,30.24,80.31,58.44,8.53,0.75,122,5,2178.54,2024-02-07,2024-06-08,3359.99
39.95,6.29,15.21,78.67,85.86,5.96,0.8,132,4,2969.17,2024-01-18,2024-05-29,4168.09
13.52,6.09,25.69,147.71,43.88,8.58,0.68,135,2,2137.78,2024-01-07,2024-05-21,3824.74
25.54,6.7,15.97,144.35,50.09,5.5,0.88,90,3,3348.47,2024-02-01,2024-05-01,4266.83
11.54,6.53,31.31,130.67,71.34,7.75,0.53,112,5,3293.47,2024-01-04,2024-04-25,3802.41
33.03,6.06,27.48,60.98,84.27,6.47,0.53,106,1,5836.14,2024-03-06,2024-06-20,4160.91
32.24,7.27,21.36,262.89,64.11,6.01,0.84,122,5,4349.87,2024-03-08,2024-07-08,4266.83
36.5,6.74,16.2,143.63,54.83,4.91,0.77,150,4,3774.9,2024-03-20,2024-08-17,4004.49
32.68,6.08,15.47,261.73,56.56,5.45,0.68,136,4,2889.78,2024-03-23,2024-08-06,3824.74
43.38,5.6,34.84,284.57,46.28,5.04,0.66,119,1,3245.85,2024-02-24,2024-06-22,3359.99
25.69,6.77,20.44,245.32,44.0,9.84,0.78,122,2,4437.58,2024-02-14,2024-06-15,4266.83
39.89,7.02,33.43,198.8,47.64,8.36,0.58,114,4,4248.57,2024-02-10,2024-06-03,3359.99
10.45,6.5,29.51,172.86,86.28,9.64,0.86,94,1,3635.15,2024-03-19,2024-06-21,4718.38
43.5,7.04,30.03,137.14,75.46,7.81,0.68,137,4,2987.17,2024-02-14,2024-06-30,3359.99
31.19,7.39,17.95,111.85,68.92,7.98,0.35,135,3,5667.53,2024-01-21,2024-06-04,4074.15
39.04,6.01,21.04,291.92,72.92,6.3,0.39,95,5,2437.1,2024-03-28,2024-07-01,4004.49
10.22,5.84,24.83,74.22,78.69,6.51,0.6,101,3,3498.61,2024-02-06,2024-05-17,4168.09
38.5,5.87,16.18,95.68,77.96,5.56,0.47,145,2,4545.73,2024-03-04,2024-07-27,4160.91
18.22,6.47,30.21,52.38,53.3,9.73,0.5,128,2,4080.3,2024-01-13,2024-05-20,4476.56
33.87,6.19,21.3,109.9,58.06,6.39,0.38,119,3,5482.17,2024-01-01,2024-04-29,4266.83
43.29,7.0,19.97,162.98,74.31,9.22,0.74,110,3,2066.52,2024-03-27,2024-07-15,4004.49
26.96,6.98,30.88,137.08,86.95,9.65,0.83,114,2,3175.45,2024-01-24,2024-05-17,4718.38
37.89,6.1,28.46,187.19,83.74,5.01,0.36,105,4,2846.56,2024-03-08,2024-06-21,4160.91
41.59,7.03,19.41,114.41,63.82,9.39,0.76,136,3,3967.84,2024-03-21,2024-08-04,4004.49
41.86,6.99,29.5,213.48,79.25,9.8,0.75,95,4,2445.53,2024-01-10,2024-04-14,4168.09
14.46,6.13,22.6,234.23,55.54,7.54,0.65,113,3,5190.07,2024-02-25,2024-06-17,4012.16
28.84,6.42,17.89,285.72,81.86,7.0,0.89,132,1,5396.51,2024-01-24,2024-06-04,4718.38
26.74,7.16,24.9,226.04,58.84,9.89,0.82,136,2,5737.73,2024-01-28,2024-06-12,4074.15
20.47,7.13,33.25,89.8,41.08,6.35,0.85,115,4,3564.25,2024-02-25,2024-06-19,3802.41
21.32,7.08,32.32,63.53,86.73,5.82,0.74,108,5,5588.87,2024-03-16,2024-07-02,4168.09
13.57,7.07,32.17,144.14,89.14,8.08,0.88,150,2,2209.89,2024-02-06,2024-07-05,4718.38
14.16,6.29,21.05,199.04,48.62,8.47,0.35,107,1,4529.33,2024-03-13,2024-06-28,4266.83
10.81,6.65,26.45,118.43,77.27,8.77,0.85,117,5,3193.45,2024-03-23,2024-07-18,4168.09
23.78,7.13,30.67,182.52,43.2,9.02,0.49,145,1,4396.41,2024-01-06,2024-05-30,4074.15
17.22,5.82,26.25,262.86,41.75,9.88,0.61,150,2,4632.64,2024-01-14,2024-06-12,3824.74
14.89,6.48,21.26,277.7,89.84,7.64,0.38,92,4,2752.29,2024-01-08,2024-04-09,3504.1
19.71,6.96,23.44,187.46,53.03,7.9,0.74,117,3,5760.8,2024-02-22,2024-06-18,4266.83
33.01,7.14,27.1,154.92,47.67,9.95,0.34,94,2,3080.5,2024-03-08,2024-06-10,3802.41
37.23,5.79,30.96,118.41,44.9,9.88,0.36,123,3,4913.31,2024-01-06,2024-05-08,3359.99
29.3,6.71,32.93,92.69,87.33,6.34,0.31,128,3,5528.08,2024-03-18,2024-07-24,4160.91
23.26,6.97,16.06,231.35,88.72,8.25,0.47,101,5,3755.84,2024-03-15,2024-06-24,3504.1
20.68,7.22,33.95,151.63,55.64,4.54,0.79,126,5,2229.65,2024-01-06,2024-05-11,4476.56
42.64,5.77,24.96,221.28,73.84,7.19,0.45,137,2,2029.16,2024-01-27,2024-06-12,4004.49
43.76,6.85,32.64,180.88,51.25,4.45,0.71,121,4,3516.38,2024-01-14,2024-05-14,3359.99
26.91,6.03,15.04,207.79,59.68,9.54,0.3,112,3,2023.56,2024-02-02,2024-05-24,4012.16
10.31,6.36,18.95,182.27,84.93,6.46,0.41,104,3,3882.79,2024-03-09,2024-06-21,4160.91
32.97,6.38,17.8,236.77,40.29,9.3,0.42,115,4,3684.22,2024-01-05,2024-04-29,4266.83
24.74,6.6,31.0,228.58,56.24,8.59,0.38,142,1,3555.39,2024-03-27,2024-08-16,4074.15
36.86,5.97,28.57,135.54,88.82,8.42,0.47,138,1,3715.81,2024-02-03,2024-06-20,3504.1
33.32,6.36,24.48,245.68,45.15,8.38,0.89,130,5,2594.9,2024-03-21,2024-07-29,4074.15
31.58,5.68,16.02,151.82,55.32,7.8,0.47,122,1,3708.29,2024-02-02,2024-06-03,4012.16
21.19,5.6,15.82,63.03,77.24,5.27,0.36,101,5,3009.05,2024-01-14,2024-04-24,4160.91
21.59,6.98,22.23,244.7,66.44,6.23,0.85,98,5,4518.23,2024-01-04,2024-04-11,4266.83
42.39,5.65,25.93,135.72,76.27,9.94,0.81,102,4,3672.85,2024-01-05,2024-04-16,4004.49
32.05,5.73,23.72,170.71,66.19,9.71,0.41,108,4,2181.78,2024-03-05,2024-06-21,4012.16
40.46,7.44,18.31,237.68,59.21,8.68,0.77,100,2,4287.59,2024-01-01,2024-04-10,4004.49
19.06,7.2,20.93,117.13,45.96,5.34,0.79,149,2,2531.89,2024-01-09,2024-06-06,4476.56
32.14,7.44,21.49,286.61,84.2,5.58,0.88,93,3,4503.82,2024-02-11,2024-05-14,4168.09
28.81,7.46,30.56,245.13,45.32,8.47,0.65,128,1,4203.51,2024-03-21,2024-07-27,4074.15
18.11,6.95,22.37,275.54,44.68,5.09,0.79,101,4,4590.26,2024-02-24,2024-06-04,4266.83
12.52,5.99,33.18,292.6,45.01,7.16,0.38,97,5,5306.25,2024-02-01,2024-05-08,4012.16
42.85,6.7,30.85,52.35,79.58,7.25,0.59,138,5,4251.4,2024-01-16,2024-06-02,4160.91
34.22,6.75,17.46,256.23,45.14,5.78,0.85,104,2,3708.54,2024-01-01,2024-04-14,4266.83
15.93,5.72,17.03,288.96,57.87,7.69,0.71,128,4,2604.41,2024-01-02,2024-05-09,3824.74
38.61,6.2,17.08,279.06,73.09,9.6,0.77,131,2,2586.36,2024-01-25,2024-06-04,4004.49
30.22,7.42,20.57,72.61,89.74,5.09,0.85,134,1,5891.4,2024-02-16,2024-06-29,4718.38
